{
  "gru_arm1": {
    "boot": 1.2974643430025026,
    "rss": 261.52734375,
    "peak": 261.52734375,
    "feature_lines": 9,
    "server_reps_ms": [
      0.5543447398667922,
      0.5640724901604699,
      0.5717743896821048,
      0.6095522802206688,
      0.5571708700881572
    ],
    "client_reps_ms": [
      2.1747786198102403,
      2.348218560073292,
      2.4250276298698736,
      2.6355757699275273,
      2.1993142099381657
    ],
    "throughput": {
      "n_streams": 4,
      "patient_ids": [
        "p100003",
        "p100004",
        "p100005",
        "p100006"
      ],
      "req_per_sec": 679.3190980961501,
      "wall_seconds": 0.17664746999798808
    },
    "sweep": [
      [
        0,
        250.703125
      ],
      [
        1000,
        252.24609375
      ],
      [
        3000,
        256.11328125
      ],
      [
        6000,
        261.52734375
      ]
    ]
  },
  "gru_arm2": {
    "boot": 1.2625040390012146,
    "rss": 249.23046875,
    "peak": 249.23046875,
    "feature_lines": 0,
    "server_reps_ms": [
      0.5758266002158052,
      0.5609862700293888,
      0.567969370240462,
      0.5701210099505261,
      0.5733036398669356
    ],
    "client_reps_ms": [
      2.444185960011964,
      2.43093366996618,
      2.4007759300002363,
      2.4287742397063994,
      2.3758795301182545
    ],
    "throughput": null,
    "sweep": null
  },
  "xgb9_arm1": {
    "boot": 1.2638030470006925,
    "rss": 228.1171875,
    "peak": 228.1171875,
    "feature_lines": 9,
    "server_reps_ms": [
      2.292262290175131,
      2.2937616501076263,
      2.2788750199833885,
      2.3200279500088072,
      2.3281174501244095
    ],
    "client_reps_ms": [
      4.0692773000046145,
      3.9645187399946735,
      3.965080670059251,
      4.053980340104317,
      4.068838850107568
    ],
    "throughput": {
      "n_streams": 4,
      "patient_ids": [
        "p100003",
        "p100004",
        "p100005",
        "p100006"
      ],
      "req_per_sec": 454.01295410468833,
      "wall_seconds": 0.2643096389983839
    },
    "sweep": null
  },
  "xgb_arm1": {
    "boot": 1.2636381819975213,
    "rss": 236.8359375,
    "peak": 236.8359375,
    "feature_lines": 16,
    "server_reps_ms": [
      2.2977067699684994,
      2.3259334600516013,
      2.280410839994147,
      2.2533036901586456,
      2.2550040899659507
    ],
    "client_reps_ms": [
      4.064301809921744,
      4.104118790055509,
      4.0167194399327855,
      3.99273060989799,
      4.006909510244441
    ],
    "throughput": {
      "n_streams": 4,
      "patient_ids": [
        "p100003",
        "p100004",
        "p100005",
        "p100006"
      ],
      "req_per_sec": 434.76832907512267,
      "wall_seconds": 0.2760090650008351
    },
    "sweep": [
      [
        0,
        228.0234375
      ],
      [
        1000,
        229.5703125
      ],
      [
        3000,
        232.96875
      ],
      [
        6000,
        236.8359375
      ]
    ]
  },
  "xgb_arm2": {
    "boot": 1.2648703289996774,
    "rss": 226.484375,
    "peak": 226.484375,
    "feature_lines": 0,
    "server_reps_ms": [
      2.287533400085522,
      2.3290161300246837,
      2.3213285900783376,
      2.367269870082964,
      2.3266681196764694
    ],
    "client_reps_ms": [
      3.9580609197946615,
      4.003755650337553,
      3.9431218901154352,
      4.02976563989796,
      3.9635537700451096
    ],
    "throughput": null,
    "sweep": null
  }
}